id,user_name,created_at,text
1576944461971861504,Kellogg Company,2022-10-03 14:37:12+00:00,b'Kellogg Company: Five Years of Progress\nhttps://t.co/RXYp3LCmte'
1576944459404652545,Kellogg Company,2022-10-03 14:37:11+00:00,"b'To commemorate his five-year anniversary at Kellogg, Chairman and CEO, Steve Cahillane reflects on the company\xe2\x80\x99s gr\xe2\x80\xa6 https://t.co/pwGwLjPqF9'"
1575885449150795777,Kellogg Company,2022-09-30 16:29:04+00:00,"b'Our thoughts are with the people impacted by Hurricanes #Fiona + #Ian. To support victims + relief workers, Kellogg\xe2\x80\xa6 https://t.co/XMhuZmcI3f'"
1575826863754182665,Kellogg Company,2022-09-30 12:36:16+00:00,b'We are extremely honored to be included among the world\xe2\x80\x99s sustainability top-performing companies in the Dow Jones\xe2\x80\xa6 https://t.co/e5T1nsmk17'
1575474217235136512,Kellogg Company,2022-09-29 13:14:58+00:00,b'Kellogg is proud to have partnered with @FoodBanking for 15+  years to help local food banks #FillTheBlanks in solu\xe2\x80\xa6 https://t.co/PcYvvvbZUI'
1575221387832090625,Kellogg Company,2022-09-28 20:30:19+00:00,"b'Kellogg\xe2\x80\x99s #WIC cereals provide iron, folic acid, vitamin D, and more. And cereal is often enjoyed with milk &amp; fruit\xe2\x80\xa6 https://t.co/ix2XAx9I6F'"
1575221380118851584,Kellogg Company,2022-09-28 20:30:17+00:00,"b'In 2021, our cereals reached 1.3M families through #WIC . Our @whitehouse #WHConfHungerHealth pledge is to do even\xe2\x80\xa6 https://t.co/qafYhhzxfB'"
1575109356147814401,Kellogg Company,2022-09-28 13:05:09+00:00,b'The future leadership team of North America Cereal Co. is now complete! Read more about the knowledge and experienc\xe2\x80\xa6 https://t.co/SSHYiT6AmQ'
1574409438429077506,Kellogg Company,2022-09-26 14:43:55+00:00,"b'A cup of culinary school, a dash of entrepreneurism, &amp; a sprinkle of selflessness: these are the ingredients that m\xe2\x80\xa6 https://t.co/XgcLDTJFXu'"
1573397085390778368,Kellogg Company,2022-09-23 19:41:12+00:00,b'@mindykaling There\xe2\x80\x99s no such thing as too many raisins! \xf0\x9f\x98\x89'
1573302834996576256,Kellogg Company,2022-09-23 13:26:41+00:00,b'Kellogg is looking forward to participating in the Kroger Wellness Festival! We\xe2\x80\x99ll talk with attendees about our we\xe2\x80\xa6 https://t.co/gtPxY2chXc'
1573038023335452672,Kellogg Company,2022-09-22 19:54:25+00:00,"b""The Kellogg South Africa employees spent this year's Mandela Day volunteering at a FoodForward SA Mandela Day Food\xe2\x80\xa6 https://t.co/qLy5WnZuDo"""
1572935817483489280,Kellogg Company,2022-09-22 13:08:17+00:00,"b'Check out this article on our partnership with @Syngenta to create a climate-smart agriculture program, which will\xe2\x80\xa6 https://t.co/ySAvFpDHfc'"
1572683076509093890,Kellogg Company,2022-09-21 20:23:59+00:00,"b'Did you know it\xe2\x80\x99s rice harvesting time in the Mississippi Delta, where we\xe2\x80\x99ve rewarding farmers for the crops they p\xe2\x80\xa6 https://t.co/3U01zv4Hrs'"
1569772802772705282,Kellogg Company,2022-09-13 19:39:35+00:00,"b'A day where people are fed and fulfilled, our planet thrives, and there is a place at the table for everyone. Kello\xe2\x80\xa6 https://t.co/wMl3u0T9ak'"
1567889051197345793,Kellogg Company,2022-09-08 14:54:14+00:00,"b'Twistie Krispies? Berry Delicious? For #BetterBreakfastMonth, get adventurous, mashup your favorite cereals, elevat\xe2\x80\xa6 https://t.co/TzTw8guNOE'"
1567653574422716416,Kellogg Company,2022-09-07 23:18:32+00:00,"b'Our Chairman and CEO, Steve Cahillane, joined analysts and investors at today\xe2\x80\x99s @BarclaysIB #BarcConsumer Conferenc\xe2\x80\xa6 https://t.co/fcKY0eWNes'"
1567604732067184642,Kellogg Company,2022-09-07 20:04:27+00:00,b'We are proud to be recognized by @BrandonHallGrp with a Gold award for Excellence in the \xe2\x80\x9cBest Use of Blended Learn\xe2\x80\xa6 https://t.co/980DmHI0fY'
1567486384948105218,Kellogg Company,2022-09-07 12:14:11+00:00,b'Kellogg Chairman &amp; CEO Steve Cahillane\xe2\x80\x99s fireside chat at @BarclaysIB 2022 #BarcConsumer Conference starts now. Joi\xe2\x80\xa6 https://t.co/f1MVwobjuy'
1567480389270118405,Kellogg Company,2022-09-07 11:50:21+00:00,b'Join Kellogg Chairman &amp; CEO Steve Cahillane for a fireside chat at @BarclaysIB 2022 #BarcConsumer Conference webcas\xe2\x80\xa6 https://t.co/Bn6fdqXPxi'
1565331681149599744,Kellogg Company,2022-09-01 13:32:09+00:00,"b'Most of us needed a little help discovering our potential. For teens in the south side of Chicago, this help often\xe2\x80\xa6 https://t.co/GBeVpiWCn1'"
1564257059213901824,Kellogg Company,2022-08-29 14:22:00+00:00,b'Middle school students received a fun and unexpected surprise during a flag football game! All part of how we\xe2\x80\x99re cr\xe2\x80\xa6 https://t.co/M33n9wu2dB'
1562443481016303621,Kellogg Company,2022-08-24 14:15:29+00:00,b'#NationalWaffleDay https://t.co/skwOaELap8'
1562425769426833416,Kellogg Company,2022-08-24 13:05:06+00:00,b'Introducing the first key appointments of the future leadership team of North America Cereal Co. as part of our pla\xe2\x80\xa6 https://t.co/9QeDs6kQ4Q'
1559186208219086849,Kellogg Company,2022-08-15 14:32:14+00:00,"b'Couldn\xe2\x80\x99t agree more, @MensHealthMag! Adding #RaisinBran and @RXBar to cart right now. https://t.co/ZGzWf2y1Iz'"
1558104409468542976,Kellogg Company,2022-08-12 14:53:34+00:00,b'W.K. Kellogg believed that running a good business was good for society. His work inspires us today as we work to a\xe2\x80\xa6 https://t.co/LGvyWSz5FI'
1557820593587847168,Kellogg Company,2022-08-11 20:05:47+00:00,"b'People are at the heart of Kellogg\xe2\x80\x99s #BetterDays Promise\xe2\x80\x94our people, the people we partner with, and the people we\xe2\x80\xa6 https://t.co/BKbYK6NUcM'"
1557354185523331073,Kellogg Company,2022-08-10 13:12:26+00:00,b'Since 2015: \n\xf0\x9f\xa5\xa3 800M fed\n\xf0\x9f\x91\x90 219M supported during hunger/crisis\n\xf0\x9f\x8c\xbe 445K farmers trained in sustainable practices\n\xe2\x8f\xb2 106\xe2\x80\xa6 https://t.co/iWZEvn4mXN'
1557169788891308033,Kellogg Company,2022-08-10 00:59:43+00:00,"b'What\xe2\x80\x99s Kellogg\xe2\x80\x99s Better Days Promise? It\xe2\x80\x99s our promise to advance sustainable, equitable access to food-for all. Se\xe2\x80\xa6 https://t.co/kn4KTPy18R'"
1555189274332512258,Kellogg Company,2022-08-04 13:49:51+00:00,"b'Kellogg CFO Amit Banati: We feel good enough about our business that today, we can raise our full-year guidance on\xe2\x80\xa6 https://t.co/WjxjNNUeG4'"
1555185613346934785,Kellogg Company,2022-08-04 13:35:18+00:00,"b'Kellogg Chairman &amp; CEO Steve Cahillane: \xe2\x80\xa6an exceptional quarter for North America\xe2\x80\xa6driven not only by snacks, but al\xe2\x80\xa6 https://t.co/MkhaWweEfw'"
1555185460690960384,Kellogg Company,2022-08-04 13:34:42+00:00,b'Kellogg Chairman &amp; CEO Steve Cahillane: Our international Regions collectively posted yet another quarter of strong\xe2\x80\xa6 https://t.co/0eKDZ4KUrC'
1555185255094648834,Kellogg Company,2022-08-04 13:33:53+00:00,"b'We remain committed to our planet and community, as evidenced by our strong push in various areas of ESG. https://t.co/8D0aAVZfpK'"
1555185110101770243,Kellogg Company,2022-08-04 13:33:18+00:00,b'Kellogg Chairman &amp; CEO Steve Cahillane: We are pleased to be able to report yet another quarter of strong performan\xe2\x80\xa6 https://t.co/EdwCiQEx48'
1555150364449685506,Kellogg Company,2022-08-04 11:15:14+00:00,b'Kellogg Company to release Q2 2022 results this morning at 8 am ET. Webcast at 9:30 am ET.  $K\xe2\x80\xa6 https://t.co/tZEJktT7sU'
1554836239848681472,Kellogg Company,2022-08-03 14:27:01+00:00,b'Kellogg is proud to have veterans like Charles as part of our team \xe2\x80\x93 we thank you for your service to our country a\xe2\x80\xa6 https://t.co/pdoWXwmQyP'
1554473438663905281,Kellogg Company,2022-08-02 14:25:23+00:00,"b'Our hearts are with the flooding victims in Kentucky and Missouri. We are donating nearly 450,000 servings of snack\xe2\x80\xa6 https://t.co/pm9QC2Pfik'"
1551613111425290247,Kellogg Company,2022-07-25 16:59:27+00:00,"b""We're calling for food justice in Black communities and a hunger-free world for all. We worked with @wfpusa to supp\xe2\x80\xa6 https://t.co/cSfUcXMUVL"""
1547982864192393216,Kellogg Company,2022-07-15 16:34:09+00:00,b'Tackling climate change can\xe2\x80\x99t be done alone. That\xe2\x80\x99s why we are partnering w/ @RegrowAg + U.S. rice farmers to reduc\xe2\x80\xa6 https://t.co/fCeQG93KLW'
1547605969655304194,Kellogg Company,2022-07-14 15:36:30+00:00,b'Tackling climate change can\xe2\x80\x99t be done alone. That\xe2\x80\x99s why we are partnering w/ @RegrowAg + U.S. rice farmers to reduc\xe2\x80\xa6 https://t.co/u1tRzVq0Ti'
1547552414290542598,Kellogg Company,2022-07-14 12:03:42+00:00,b'Thanks @DonorsChoose and everyone who supports our children and their teachers! #BetterDays https://t.co/lyl6OCAJSB'
1547233389991698432,Kellogg Company,2022-07-13 14:56:01+00:00,b'Looking to build leadership &amp; other professional skills? Try skills-based volunteering! Read about the benefits &amp; h\xe2\x80\xa6 https://t.co/kIICv0GjEt'
1546519711659298823,Kellogg Company,2022-07-11 15:40:06+00:00,"b'Kellogg is proud to be recognized by the Women\xe2\x80\x99s Business Enterprise National Council, as one of America\xe2\x80\x99s Top Corp\xe2\x80\xa6 https://t.co/VSScCY09V1'"
1545146386169077761,Kellogg Company,2022-07-07 20:43:00+00:00,b'School breakfast programs are critical to helpi kids reach their full potential. Kellogg &amp; @Share Our Strength part\xe2\x80\xa6 https://t.co/V3sWrwg7AN'
1544822506804199424,Kellogg Company,2022-07-06 23:16:01+00:00,"b'What Rice Krispies treat recipe will you &amp; your family make first? Vote between now and July 23, 2022 at\xe2\x80\xa6 https://t.co/tH58yeX3S4'"
1544702552058601472,Kellogg Company,2022-07-06 15:19:22+00:00,b'Bonding over breakfast? Recent research suggests that not only can school breakfast help improve health + nutrition\xe2\x80\xa6 https://t.co/C4eR6kS3wS'
1542882660292481028,Kellogg Company,2022-07-01 14:47:46+00:00,"b'How can companies promote acceptance for the #LGBTQ? Watch Benn Schorr, co-chair of our K Pride &amp; Allies employee r\xe2\x80\xa6 https://t.co/JWSdq2SChS'"
1542587488518168577,Kellogg Company,2022-06-30 19:14:51+00:00,b'Proud to partner with you to help create #BetterDays! https://t.co/qqwoholQKC'
1542517814577299456,Kellogg Company,2022-06-30 14:38:00+00:00,"b'We are passionate about positive, authentic portrayals that reinforce cultures and create #betterdays.  Learn about\xe2\x80\xa6 https://t.co/yBOLxOLhpS'"
1541802664769589250,Kellogg Company,2022-06-28 15:16:15+00:00,"b'As food insecurity continues to rise, food banks are a vital resource to their communities. We are proud to support\xe2\x80\xa6 https://t.co/2YB757I14W'"
1540311280342499328,Kellogg Company,2022-06-24 12:30:01+00:00,"b'Tony was in Grand Rapids, MI to help us donate more than 435,000 servings of cereal and snacks to support @United W\xe2\x80\xa6 https://t.co/lFguolD0Xd'"
1539283857828093955,Kellogg Company,2022-06-21 16:27:24+00:00,"b""Hear from Kellogg Company CEO Steve Cahillane about the bold next steps we're taking to unleash our potential.\xe2\x80\xa6 https://t.co/iGRcIiBCGo"""
1539238968784523265,Kellogg Company,2022-06-21 13:29:02+00:00,"b""The bold next steps we're taking to transform our portfolio will result in three independent, public companies: Glo\xe2\x80\xa6 https://t.co/2qiPx1eiKG"""
1539202675241369601,Kellogg Company,2022-06-21 11:04:49+00:00,b'We are unleashing our potential by announcing our plan to separate our North American cereal and plant-based foods\xe2\x80\xa6 https://t.co/HoLK0lVwL6'
1537162828724985860,Kellogg Company,2022-06-15 19:59:12+00:00,"b""At Kellogg, we're shaping the future through innovation, advanced capabilities, and data and analytics. Read more f\xe2\x80\xa6 https://t.co/a1j3uBeSqc"""
1536772743559004161,Kellogg Company,2022-06-14 18:09:08+00:00,b'Blast off to breakfast in 3\xe2\x80\xa62\xe2\x80\xa61! Liftoff! https://t.co/sGWq3a1zqE https://t.co/9IYh5jGJ8N'
1536365808712323072,Kellogg Company,2022-06-13 15:12:07+00:00,"b'We\xe2\x80\x99re proud to annouce our $150K investment in @BattleCreekCity\xe2\x80\x99s on-demand mobility service, BCGo, as part of our\xe2\x80\xa6 https://t.co/92zeVjLirH'"
1536346578360733698,Kellogg Company,2022-06-13 13:55:42+00:00,b'It\xe2\x80\x99s always a GR-R-REAT day to create #BetterDays! We joined @Gleaners and @JayTowers in Detroit to donate 335k cer\xe2\x80\xa6 https://t.co/KlmEk6LV26'
1535273427141017604,Kellogg Company,2022-06-10 14:51:23+00:00,b'Thanks to @NALC_National and everyone who supported this important effort to feed our neighbors create #BetterDays https://t.co/AJolCZdlys'
1534988802523013120,Kellogg Company,2022-06-09 20:00:23+00:00,"b'Summers can be hard for the 1 in 8 people in the US with food insecurity. Stephanie Slingerland, Sr. Dir., Philanth\xe2\x80\xa6 https://t.co/4Igm026u0p'"
1534252942349713408,Kellogg Company,2022-06-07 19:16:21+00:00,b']The limited-edition @Pop-TartsUS D\xc3\xada de Muertos box was recently honored with the 2022 Strategic Excellence Award\xe2\x80\xa6 https://t.co/DMEAuJTttH'
1532400672418807810,Kellogg Company,2022-06-02 16:36:05+00:00,"b'Proud to collaborate with initiatives like NEON x @GLAAD to create opportunities through programming, representatio\xe2\x80\xa6 https://t.co/sTX3XfgMvk'"
1531992953203433473,Kellogg Company,2022-06-01 13:35:57+00:00,"b'We are proud to announce that our Global #CIO, Lesley Salmon, has been selected as one of 50 CIOs on @Forbes\xe2\x80\x99 2022\xe2\x80\xa6 https://t.co/LanIAk2tpI'"
1529131223389548547,Kellogg Company,2022-05-24 16:04:28+00:00,"b'Kellogg worked with @wfpusa to support UN @wfp &amp; @samexhibition ""Zero Hunger"" mural by Lula Goce to raise awareness\xe2\x80\xa6 https://t.co/5DbNQEFREK'"
1529095298672369665,Kellogg Company,2022-05-24 13:41:43+00:00,"b'RT @Lead_eu_net: \xf0\x9d\x97\xa7\xf0\x9d\x97\xb5\xf0\x9d\x97\xb2 \xf0\x9d\x97\xb7\xf0\x9d\x97\xbc\xf0\x9d\x98\x82\xf0\x9d\x97\xbf\xf0\x9d\x97\xbb\xf0\x9d\x97\xb2\xf0\x9d\x98\x86 \xf0\x9d\x98\x81\xf0\x9d\x97\xbc \xf0\x9d\x9f\xb1\xf0\x9d\x9f\xac/\xf0\x9d\x9f\xb1\xf0\x9d\x9f\xac\xe2\x84\xa2 captures top-level insights from #CEOs for CEOs. Steve Cahillane, Chairman &amp; CEO @KelloggCompany:\xe2\x80\x9cma\xe2\x80\xa6'"
1528802379503738880,Kellogg Company,2022-05-23 18:17:45+00:00,"b'To live our purpose, we created Black History Every Month (BHEM) to elevate the imperative need to advance food jus\xe2\x80\xa6 https://t.co/ILIiB9HSw0'"
1528802376106360833,Kellogg Company,2022-05-23 18:17:44+00:00,"b'Access to healthy food is a fundamental right for all, and Kellogg firmly believes in our purpose of ""creating bett\xe2\x80\xa6 https://t.co/e8fmBvuCZV'"
1528802373510078464,Kellogg Company,2022-05-23 18:17:44+00:00,b'While we celebrate the significant contributions Black innovators have made to forever transform the global food sy\xe2\x80\xa6 https://t.co/s2FCR8r110'
1527291118345261061,Kellogg Company,2022-05-19 14:12:32+00:00,b'We are proud to once again be selected as a \xe2\x80\x9c100 Best Corporate Citizen\xe2\x80\x9d by @3BLMedia for our #BetterDays ESG strat\xe2\x80\xa6 https://t.co/4i0MnzqkwT'
1526928139552755714,Kellogg Company,2022-05-18 14:10:12+00:00,"b'Kellogg SVP, Nigel Hughes, shares three strategies to transform our food systems to create a sustainable system tha\xe2\x80\xa6 https://t.co/jK9F4dhqlA'"
1526558989676322816,Kellogg Company,2022-05-17 13:43:19+00:00,"b'We\xe2\x80\x99re proud to announce a new scholarship program with educational partners in our hometown of Batle Creek, Mich.,\xe2\x80\xa6 https://t.co/lwXUonZJ5o'"
1526282810339872769,Kellogg Company,2022-05-16 19:25:53+00:00,b'@smfoodbank is such an important part of our community and a great partner in our efforts to create #BetterDays . https://t.co/pf2pukyGEK'
1522209213531017216,Kellogg Company,2022-05-05 13:38:52+00:00,"b'Kellogg Chairman &amp; CEO Steve Cahillane: The result of all of this \xe2\x80\x93 strategy, executional focus, and sustained mome\xe2\x80\xa6 https://t.co/E95Mydpr2Q'"
1522208812995944448,Kellogg Company,2022-05-05 13:37:16+00:00,"b'Kellogg Chairman &amp; CEO Steve Cahillane: Kellogg Chairman &amp; CEO Steve Cahillane: Actions are louder than words, and\xe2\x80\xa6 https://t.co/ag8B5WeQAd'"
1522208516194381825,Kellogg Company,2022-05-05 13:36:06+00:00,b'Kellogg Chairman &amp; CEO Steve Cahillane: We continue to emphasize occasions and build our world-class brands. We con\xe2\x80\xa6 https://t.co/AGKX9bjQiD'
1522208174710874112,Kellogg Company,2022-05-05 13:34:44+00:00,b'Kellogg Chairman &amp; CEO Steve Cahillane: To be able to affirm our full-year earnings guidance in what is obviously a\xe2\x80\xa6 https://t.co/03YJo4C6N6'
1522207850767998977,Kellogg Company,2022-05-05 13:33:27+00:00,"b'Kellogg Chairman &amp; CEO Steve Cahillane: We\xe2\x80\x99re pleased to report another good quarter, delivering solid results \xe2\x80\x93 ev\xe2\x80\xa6 https://t.co/NFx1DLslRV'"
1510975768356012038,Kellogg Company,2022-04-04 13:41:10+00:00,b'Why Do Crackers Have Holes in Them? #IWork4Kellogg https://t.co/62HqJsBksC'
1504835014164365335,Kellogg Company,2022-03-18 15:00:00+00:00,b'Our iconic @Eggo brand has been named to the @ANA_AIMM Best-in-Culture list for a recent commercial. Honored for th\xe2\x80\xa6 https://t.co/UcnmN5A2bh'
1504502827670024205,Kellogg Company,2022-03-17 17:00:01+00:00,"b""We're still excited about this milestone for our partner of 15 years! Collaborating with @Act4HlthyKids and other c\xe2\x80\xa6 https://t.co/3wnQJYXtuh"""
1504125337810178050,Kellogg Company,2022-03-16 16:00:00+00:00,"b'Create #BetterDays for your family w/ these kid-friendly tips that use our delicious and nutritious cereals, dairy\xe2\x80\xa6 https://t.co/Yp5C1Fpqp3'"
1504095142747455495,Kellogg Company,2022-03-16 14:00:01+00:00,b'Our delicious + nutritious cereals help to build a better breakfast + create #BetterDays! Boost your morning routin\xe2\x80\xa6 https://t.co/iXPe5dwynu'
1503772974373031940,Kellogg Company,2022-03-15 16:39:50+00:00,b'We\xe2\x80\x99re honored that @ethisphere has again recognized Kellogg on its 2022 list of #WorldsMostEthicalCompanies.\xe2\x80\xa6 https://t.co/fNweh96RpF'
1501585284386930692,Kellogg Company,2022-03-09 15:46:44+00:00,"b'We are saddened by recent events in Ukraine. At Kellogg, we value inclusivity, respect &amp; tolerance. Our ESG strateg\xe2\x80\xa6 https://t.co/2ALlgI2hGO'"
1497195428038815746,Kellogg Company,2022-02-25 13:03:01+00:00,"b""Kellogg Company is marking 116 years this week, and this cat's been around for 70 of them! Looking Gr-r-reat, Tony! https://t.co/i4cqwkYXE7"""
1496915330244960259,Kellogg Company,2022-02-24 18:30:00+00:00,b'An exciting milestone for our partner of 15 years! Collaborating with @Act4HlthyKids and other community orgs to ma\xe2\x80\xa6 https://t.co/EJCxwuOyDA'
1496853528559693831,Kellogg Company,2022-02-24 14:24:26+00:00,b'Kellogg is passionate about creating #BetterDays for those in need + is proud to stand side-by-side w/\xe2\x80\xa6 https://t.co/3SuNrvEDRl'
1496477614357237761,Kellogg Company,2022-02-23 13:30:41+00:00,b'Kellogg Chairman &amp; CEO Steve Cahillane: We have an effective strategy that is working.  We have a portfolio that ha\xe2\x80\xa6 https://t.co/amBV51H0ow'
1496475782553780229,Kellogg Company,2022-02-23 13:23:24+00:00,"b'Kellogg CFO Amit Banati:  The markets we\xe2\x80\x99re in, the strength of our portfolio, the quality of our commercial progra\xe2\x80\xa6 https://t.co/lPofzpRwWo'"
1496474673852395530,Kellogg Company,2022-02-23 13:19:00+00:00,"b'Kellogg CFO Amit Banati:  Today, Emerging Markets account for almost a quarter of our company\xe2\x80\x99s net sales, more tha\xe2\x80\xa6 https://t.co/fnZmuVnXTh'"
1496471669971595265,Kellogg Company,2022-02-23 13:07:03+00:00,"b'Kellogg Chairman &amp; CEO Steve Cahillane: And there\xe2\x80\x99s also our Better Days ESG Strategy, that ensures we are not just\xe2\x80\xa6 https://t.co/8Nb2EYjCYG'"
1496471471903977483,Kellogg Company,2022-02-23 13:06:16+00:00,"b'Kellogg Chairman &amp; CEO Steve Cahillane: Our world-class Brands including Pringles, Cheez-It, Pop-Tarts, Rice Krispi\xe2\x80\xa6 https://t.co/mIeqFgeRCB'"
1496471258074075143,Kellogg Company,2022-02-23 13:05:25+00:00,b'Kellogg Chairman &amp; CEO Steve Cahillane: We have been effective at pivoting our innovations &amp; marketing around where\xe2\x80\xa6 https://t.co/GW1M1MLAqK'
1496470881668943880,Kellogg Company,2022-02-23 13:03:55+00:00,"b'Kellogg Chairman &amp; CEO Steve Cahillane: We have dramatically re-shaped our portfolio over the past decade, and even\xe2\x80\xa6 https://t.co/jlzw0UUwiv'"
1496462094253842432,Kellogg Company,2022-02-23 12:29:00+00:00,b'Kellogg Chairman &amp; CEO Steve Cahillane and CFO Amit Banati will be addressing the #CAGNY 2022 Conference today at 8\xe2\x80\xa6 https://t.co/Cr14DTiJQj'
1496228555889553410,Kellogg Company,2022-02-22 21:01:00+00:00,b'Kellogg Chairman &amp; CEO Steve Cahillane and CFO Amit Banati will be addressing the #CAGNY 2022 Conference tomorrow a\xe2\x80\xa6 https://t.co/MDGiQwFKrZ'
1496105049952509955,Kellogg Company,2022-02-22 12:50:14+00:00,"b""The bad news: You are out of Cheez-it crackers.\nThe good news: The packaging is 100% recyclable.\nHere's how... https://t.co/IO9yNMG3iV"""
1495800620502200326,Kellogg Company,2022-02-21 16:40:33+00:00,"b'Everyone deserves a full plate. From now through 3/2, buy $15 or more of participating items at @Giantfoodstores, r\xe2\x80\xa6 https://t.co/UWHtDB19rQ'"
1495745176047915010,Kellogg Company,2022-02-21 13:00:14+00:00,"b'W.K. Kellogg founded the company in Battle Creek, MI, but quickly expanded\xe2\x80\xa6today we offer a wide variety of foods i\xe2\x80\xa6 https://t.co/M8Zx91Gjr7'"
1495745172658917381,Kellogg Company,2022-02-21 13:00:13+00:00,b'Kellogg has built on our history as one of the original plant-based wellbeing companies. (Have you tried our new In\xe2\x80\xa6 https://t.co/2TRlEcTx0c'
1495745169509040129,Kellogg Company,2022-02-21 13:00:12+00:00,"b'Kellogg Company continues to grow and innovate, and today our snack business (including new Cheez-It Puff\xe2\x80\x99d cracker\xe2\x80\xa6 https://t.co/4WSttAFigK'"
1495745165738262531,Kellogg Company,2022-02-21 13:00:11+00:00,b'W.K. Kellogg founded his company 116 years ago.  We are proud of that heritage and honored to carry his legacy forw\xe2\x80\xa6 https://t.co/QBgZEqEPBd'
1494058763275354112,Kellogg Company,2022-02-16 21:19:02+00:00,"b'From lighter, resealable packaging to refillable cereal stations, we\xe2\x80\x99re making meaningful strides toward our\xe2\x80\xa6 https://t.co/jKT2TZ828r'"
1494043410335944708,Kellogg Company,2022-02-16 20:18:01+00:00,"b'Since 2015, we\xe2\x80\x99ve reduced greenhouse gas emissions by the equivalent of removing nearly 3.2 billion cars off the ro\xe2\x80\xa6 https://t.co/k7OoHvc3Cd'"
1493979924725653507,Kellogg Company,2022-02-16 16:05:45+00:00,b'Helping kids and families lead filled and fulfilled lives is why we\xe2\x80\x99re committed to creating #BetterDays for our pe\xe2\x80\xa6 https://t.co/tyWDG36Pu8'
1493694554222075918,Kellogg Company,2022-02-15 21:11:47+00:00,b'What if we could pay farmers for the greenhouse gas emissions they reduce by implementing climate-positive practice\xe2\x80\xa6 https://t.co/7pM4U7vvEJ'
1493694549838991365,Kellogg Company,2022-02-15 21:11:46+00:00,"b'Tackling climate change can\xe2\x80\x99t be done alone!  That\xe2\x80\x99s why we are partnering w/ @RegrowAg, @SyngentaUS + U.S. rice fa\xe2\x80\xa6 https://t.co/FDQtfRpaV2'"
1493653841992208389,Kellogg Company,2022-02-15 18:30:01+00:00,b'Farmers who grow rice used to make Kellogg\xe2\x80\x99s foods such as @specialK + @ricekrispies will soon be eligible for fina\xe2\x80\xa6 https://t.co/tjHzF5t66y'
1493616340447465481,Kellogg Company,2022-02-15 16:01:00+00:00,b'\xe2\x80\x9cKellogg\xe2\x80\x99s is the first food company to say they are willing to support us and give back to support these goals.\xe2\x80\x9d\xe2\x80\xa6 https://t.co/tBTAP0pr1s'
1493597040420478976,Kellogg Company,2022-02-15 14:44:18+00:00,"b'What if a food company paid farmers not just for the crops they produce, but also for the greenhouse gases that the\xe2\x80\xa6 https://t.co/foHZc6CGP6'"
1492591013747122182,Kellogg Company,2022-02-12 20:06:43+00:00,"b'Kellogg is committed to creating #BetterDays, including for military + veteran families!\xc2\xa0\xc2\xa0\n\xc2\xa0\nOur $70K donation to\xe2\x80\xa6 https://t.co/Tr8rXrTNRR'"
1492218452463042562,Kellogg Company,2022-02-11 19:26:17+00:00,"b'Kudos to our partners @unitedway on 25 years of #211day, providing access to essential services for families all ov\xe2\x80\xa6 https://t.co/YGgzCgcvKa'"
1492125321486811137,Kellogg Company,2022-02-11 13:16:13+00:00,b'We\xe2\x80\x99re honored to be listed on @Forbes America\xe2\x80\x99s Best Large Employers list. https://t.co/fbROZrfEiM'
1492115949658546180,Kellogg Company,2022-02-11 12:38:59+00:00,b'Kellogg Chairman and CEO Steve Cahillane discusses the business environment and year-end results on @CNN. $K https://t.co/iyv60zkmx3'
1491882875230294020,Kellogg Company,2022-02-10 21:12:49+00:00,"b'RT @cheddar: ""The strength of the portfolio really shined through"": @KelloggsUS Chairman and CEO Steve Cahillane says that Kellogg\'s is mor\xe2\x80\xa6'"
1491817757951754240,Kellogg Company,2022-02-10 16:54:04+00:00,"b""Steve Cahillane, Kellogg Chairman and CEO, joins 'Squawk on the Street' to discuss the company's year-end earnings\xe2\x80\xa6 https://t.co/AFKI1YrR5d"""
1491803905235189767,Kellogg Company,2022-02-10 15:59:02+00:00,"b'@KelloggCompany\xe2\x80\x99s portfolio is shaped toward growth with a focus on snacks, emerging markets and frozen foods. $K https://t.co/Xt6OfnAI1g'"
1491790252003844099,Kellogg Company,2022-02-10 15:04:46+00:00,"b'The result of all of this was yet another year of balanced financial delivery in 2021, which we expect to sustain,\xe2\x80\xa6 https://t.co/5xihcbNNnt'"
1491790248036032522,Kellogg Company,2022-02-10 15:04:45+00:00,"b'Kellogg Chairman &amp; CEO Steve Cahillane: We enter 2022 in good financial condition. Our cash flow remains strong, an\xe2\x80\xa6 https://t.co/7Mjf56aVoc'"
1491784842412843013,Kellogg Company,2022-02-10 14:43:17+00:00,"b'Kellogg CFO Amit Banati: And cash flow came in at $1.15 billion, in line with our guidance for $1.1-1.2 billion, an\xe2\x80\xa6 https://t.co/sthFoSc9rC'"
1491784625911476228,Kellogg Company,2022-02-10 14:42:25+00:00,"b'Kellogg CFO Amit Banati: Currency-neutral, adjusted-basis earnings per share increased by more than 1%, in line wit\xe2\x80\xa6 https://t.co/9whUnsLIqu'"
1491784468876513291,Kellogg Company,2022-02-10 14:41:48+00:00,"b'Tweet 2ogg CFO Amit Banati on 2021 $K results: Organic net sales growth came in at 3.5%, ahead of our guidance rang\xe2\x80\xa6 https://t.co/IP240Zhbl9'"
1491783895527874561,Kellogg Company,2022-02-10 14:39:31+00:00,b'\xe2\x80\xa6we even accelerated our growth in emerging markets. And we exited the year with a strong balance sheet and cash fl\xe2\x80\xa6 https://t.co/7MKWxdDSV1'
1491783893237833735,Kellogg Company,2022-02-10 14:39:30+00:00,"b'Kellogg Chairman &amp; CEO Steve Cahillane, on 2021 results: We sustained top-line momentum in the vast majority of our\xe2\x80\xa6 https://t.co/2j8W5P3UhR'"
1491763388363513863,Kellogg Company,2022-02-10 13:18:02+00:00,b'Join Kellogg Chairman &amp; CEO Steve Cahillane and Kellogg CFO Amit Banati at 9:30 a.m. ET for a webcast of our Q4 &amp; f\xe2\x80\xa6 https://t.co/uJVALAl5lg'
1491416753037279234,Kellogg Company,2022-02-09 14:20:37+00:00,b'Is it worth getting your hand stuck?  Of course it is. https://t.co/EDw1IMG5Zp'
1491151362389905409,Kellogg Company,2022-02-08 20:46:03+00:00,"b""Check out this in-depth and  wide-ranging discussion with Kellogg Company's Director of Sustainability Km Sundy on\xe2\x80\xa6 https://t.co/OlAlvF1XOq"""
1489299648720388102,Kellogg Company,2022-02-03 18:08:00+00:00,b'We\xe2\x80\x99re honored to be on @FortuneMagazine\xe2\x80\x99s 2022 World\xe2\x80\x99s #MostAdmiredCos list. \n\n https://t.co/elVvpwYxUv'
1489248636819021832,Kellogg Company,2022-02-03 14:45:18+00:00,"b'""We\xe2\x80\x99ve got this wonderful resource that we need to take care of.\xe2\x80\x9d Kellogg &amp; @IWR_MSU are helping #Michigan farmers\xe2\x80\xa6 https://t.co/Da5L5EYA1D'"
1488887938863800321,Kellogg Company,2022-02-02 14:52:01+00:00,"b""For many kids, a snow day is all about fun - playing in the snow, or maybe playing video games. It's different for\xe2\x80\xa6 https://t.co/Av0GIgSgYM"""
1488524125295554561,Kellogg Company,2022-02-01 14:46:21+00:00,"b""The latest Social K company blog provides an employee's view on Kellogg's commitment to #MentalHealth and\xe2\x80\xa6 https://t.co/0UNZMRefnG"""
1488244979432628229,Kellogg Company,2022-01-31 20:17:08+00:00,"b'Thank you, @hmchispanic, for this honor as we work to create #BetterDays and a seat at the table for everyone. https://t.co/VIacyYZ3HH'"
1486744284804046852,Kellogg Company,2022-01-27 16:53:54+00:00,"b'12 years in a row! We\xe2\x80\x99re proud to earn 100% on @HRC\xe2\x80\x99s Corporate Equality Index, earning the designation as a \xe2\x80\x9cBest\xe2\x80\xa6 https://t.co/SL429BApVx'"
1486351958109736966,Kellogg Company,2022-01-26 14:54:56+00:00,"b'1 in 2 Guatemalan kids suffers malnutrition. By providing \xf0\x9f\xa5\xa3, fruit, + \xf0\x9f\xa5\x9b breakfast, nutrition, gardening + physical\xe2\x80\xa6 https://t.co/YJohNrTqX7'"
1485981309130444807,Kellogg Company,2022-01-25 14:22:06+00:00,b'Food insecurity among LGBTQ+ adults is &gt;2 times the national rate. We are proud to partner w/ @Centerlink to help p\xe2\x80\xa6 https://t.co/hprzrJ4SJQ'
1485778699014320128,Kellogg Company,2022-01-25 00:57:00+00:00,"b'Globally, 1 in 9 people face hunger. Watch a virtual discussion on demand, as we chat with experts who share\xe2\x80\xaftheir\xe2\x80\xa6 https://t.co/0fgliyYr1v'"
1485717242935488514,Kellogg Company,2022-01-24 20:52:48+00:00,b'One child in hunger is one too many.\xe2\x80\xafThat\xe2\x80\x99s why we partner w/ @NoKidHungry to\xe2\x80\xafhelp end childhood hunger.\xe2\x80\xaf\xe2\x80\xa6 https://t.co/NbQZd4mify'
1485633272939958274,Kellogg Company,2022-01-24 15:19:08+00:00,"b'@KelloggCompany Chairman and CEO, Steve Cahillane recently shared his top five themes for driving an ESG Strategy o\xe2\x80\xa6 https://t.co/Lfx89Bv2Gl'"
1484610597916487684,Kellogg Company,2022-01-21 19:35:23+00:00,b'We are pretty excited about this @cheezit news! https://t.co/ufjNeOjz0c'
1484292502823870464,Kellogg Company,2022-01-20 22:31:24+00:00,b'Rice has been grown in Arkansas for over 100 years. Ensuring efficient water use is critical to grow rice for the n\xe2\x80\xa6 https://t.co/ch1KE1Z71A'
1484264859701329922,Kellogg Company,2022-01-20 20:41:33+00:00,"b'Kellogg is passionate about creating #betterdays for people + the planet. Since 2015, we\xe2\x80\x99ve supported more than 440\xe2\x80\xa6 https://t.co/5jUxe5eAoW'"
1483802794582810625,Kellogg Company,2022-01-19 14:05:28+00:00,"b'From installing bat boxes to integrating cover crops to improving fish habitats, Kellogg is committed to helping fa\xe2\x80\xa6 https://t.co/5cCgMzGXi8'"
1482200871232749572,Kellogg Company,2022-01-15 04:00:00+00:00,"b""Kellogg Company's Chief Global Growth Officer, Monica McGurk, spoke on an expert panel at #CES2022 about eliminatin\xe2\x80\xa6 https://t.co/ao4Pq9kgDr"""
1482064982103805960,Kellogg Company,2022-01-14 19:00:01+00:00,b'Ensuring a seat at the table for all is a passion of ours. Aided by the generosity of our Lancaster employees and r\xe2\x80\xa6 https://t.co/KPR4W70MmK'
1481732878534905858,Kellogg Company,2022-01-13 21:00:22+00:00,b'We believe in creating better days for our communities. Aided by the generosity of our Memphis employees and retire\xe2\x80\xa6 https://t.co/gw355A9FOK'
1481298547333083140,Kellogg Company,2022-01-12 16:14:29+00:00,"b'Together, we can make a difference. Aided by the generosity of our Omaha employees and retirees during our 2021\xe2\x80\xa6 https://t.co/hudWZM0Ts3'"
1481025378923786244,Kellogg Company,2022-01-11 22:09:01+00:00,b'We believe in helping our neighbors in need. Aided by the generosity of our Battle Creek employees and retirees dur\xe2\x80\xa6 https://t.co/O7VsUW2jDX'
1480577776818216962,Kellogg Company,2022-01-10 16:30:24+00:00,"b'Kellogg raised nearly $3.7 million for @UnitedWay during our 2021 #BetterDays campaign, helping to fight hunger + f\xe2\x80\xa6 https://t.co/BSUV3KbmXh'"
1479493126905606151,Kellogg Company,2022-01-07 16:40:23+00:00,b'Ending food waste + helping end hunger!\xe2\x80\xafThe\xe2\x80\xafBread and Butter\xe2\x80\xafThing in the U.K. collects excess food\xe2\x80\xafand \xe2\x80\x9csells\xe2\x80\x9d it\xe2\x80\xa6 https://t.co/ZV7vEfTZ3y'
1479189530104188930,Kellogg Company,2022-01-06 20:34:00+00:00,"b'Meet Judy \xe2\x80\x93 the creator of the Kellogg volunteer power hour! Already, more than 5,000 people in our communities hav\xe2\x80\xa6 https://t.co/dhGW03BWYE'"
1479089620927270917,Kellogg Company,2022-01-06 13:57:00+00:00,"b'Kellogg celebrates #WorldFoodDay every year to create awareness + ambassadors for food security. This year, we volu\xe2\x80\xa6 https://t.co/7XCEuhw6SA'"
1478826144505991178,Kellogg Company,2022-01-05 20:30:02+00:00,"b'From championing inclusion, to helping farmers establish climate positive practices, to volunteering at local food\xe2\x80\xa6 https://t.co/wM1zb67Z3G'"
1478818778242760712,Kellogg Company,2022-01-05 20:00:46+00:00,"b'Innovating foods made from plants, creating sustainable packaging + feeding children in need \xe2\x80\x93 all ways Kellogg cre\xe2\x80\xa6 https://t.co/4bCiVii1YP'"
1461073472281620480,Kellogg Company,2021-11-17 20:47:15+00:00,b'\xc3\x80 NOS CLIENTS DU CANADA : Probl\xc3\xa8me de code QR du calendrier des F\xc3\xaates num\xc3\xa9rique? Cliquez sur ce lien pour profiter\xe2\x80\xa6 https://t.co/OR7tjh5eXd'
1461073378505367557,Kellogg Company,2021-11-17 20:46:53+00:00,b'TO OUR CANADIAN CONSUMERS: Having trouble with your Digital Holiday Calendar QR Code? Click this link to enjoy the\xe2\x80\xa6 https://t.co/xKF4PbtJOF'
1443959294668455937,Kellogg Company,2021-10-01 15:21:37+00:00,b'RT @raleys: Give back when you snack! We\xe2\x80\x99re partnering with @KelloggCompany and @SacRepublicFC to relieve hunger. When you buy select items\xe2\x80\xa6'
1443673947216678912,Kellogg Company,2021-09-30 20:27:45+00:00,b'Join us as we convene experts to explore the latest research into #education and #foodsecurity #BetterDays . Regist\xe2\x80\xa6 https://t.co/6ilT58gpBb'
1443575042911051782,Kellogg Company,2021-09-30 13:54:45+00:00,"b""Kellogg's head of R&amp;D on how our #TestAndLearn culture spurs innovation #employee https://t.co/SZkRsKb1Rq https://t.co/wmKi9j4tQB"""
1443299805267103750,Kellogg Company,2021-09-29 19:41:03+00:00,b'A staggering 1/3 of all food produced is lost or wasted. Kellogg is helping to reduce that number by donating unsel\xe2\x80\xa6 https://t.co/gvIsb49bev'
1443293882696060929,Kellogg Company,2021-09-29 19:17:31+00:00,"b'RT @foodbanking: Food loss &amp; waste is costly for producers, takes up space in landfills, and emits harmful greenhouse gases.\n\nIn our blog o\xe2\x80\xa6'"
1443062986738966528,Kellogg Company,2021-09-29 04:00:01+00:00,b'A staggering 1/3 of all food produced is lost or wasted. \n\nKellogg is helping to reduce that number by donating uns\xe2\x80\xa6 https://t.co/KQIFays0iu'
1442866699485675530,Kellogg Company,2021-09-28 15:00:02+00:00,"b'Today, our very own Kate Schaffner shared how our #BetterDays platform helps advance sustainable agriculture during\xe2\x80\xa6 https://t.co/me1KZdX27O'"
1442583579993718785,Kellogg Company,2021-09-27 20:15:02+00:00,"b'We want all children to be fed + fulfilled, which is why we partnered w/ C&amp;S Wholesale Grocers and the independent\xe2\x80\xa6 https://t.co/KSKz43NBXJ'"
1442560695384432647,Kellogg Company,2021-09-27 18:44:05+00:00,b'Cheers to #15YearsOfGFN. It has been an inspiring journey to work with @foodbanking and its member food banks as th\xe2\x80\xa6 https://t.co/IFf3dDVns6'
1441103129378910220,Kellogg Company,2021-09-23 18:12:15+00:00,b'RT @KelloggsCareers: Have you seen the limited-edition \xe2\x80\x9cD\xc3\xada de Muertos\xe2\x80\x9d Pop-Tarts yet? Hear about how this crazy good idea came to life fro\xe2\x80\xa6'
1440856979262476288,Kellogg Company,2021-09-23 01:54:08+00:00,"b""It's so extra. #employee https://t.co/RaN9VoPGLW"""
1440785136761462784,Kellogg Company,2021-09-22 21:08:39+00:00,"b'Kellogg, Albertsons Join Forces To Feed Children In Need #BetterDays #employee https://t.co/Ywc5yO5xEF'"
1440647064593973255,Kellogg Company,2021-09-22 12:00:00+00:00,"b""In the US, 1 in 9 people don\xe2\x80\x99t know where their next meal is coming from.  \n\nThrough our #BetterDays platform, we'r\xe2\x80\xa6 https://t.co/mKOrsNtYre"""
1440301004692410368,Kellogg Company,2021-09-21 13:04:53+00:00,"b""2.37 billion people didn't have access to safe, nutritious food in 2020.\n\nThrough our Better Days platform, we're w\xe2\x80\xa6 https://t.co/GDB52mhf6t"""
1440247938807001090,Kellogg Company,2021-09-21 09:34:01+00:00,"b""2.37 billion people didn't have access to safe, nutritious food in 2020.\n\nThrough our Better Days platform, we're w\xe2\x80\xa6 https://t.co/l5RvV1v72C"""
1438671732513116163,Kellogg Company,2021-09-17 01:10:44+00:00,"b'RT @toendhunger: In the fight against #hunger, #schoolmeals are a critical investment in the next generation. Check out our recent webinar\xe2\x80\xa6'"
1438605434030600203,Kellogg Company,2021-09-16 20:47:18+00:00,"b'Proud to join @AlbertsonsCos to fight childhood hunger. Kellogg will commit $120,000 to @nokidhungry and\xe2\x80\xa6 https://t.co/pFR1XtAKp5'"
1438584502574452746,Kellogg Company,2021-09-16 19:24:07+00:00,b'Land a Gr-r-reat internship with Kellogg\xe2\x80\x99s #internship recruiting virtual event #employee https://t.co/ilgnrdfhQs'
1438535106591961090,Kellogg Company,2021-09-16 16:07:50+00:00,"b'RT @MidwestRowCrop: What can member companies do together to advance regenerative agriculture? Here\xe2\x80\x99s what Oliver Morton, Chief Customer Of\xe2\x80\xa6'"
1438164431322636294,Kellogg Company,2021-09-15 15:34:54+00:00,b'\xe2\x80\x9cThe truck drivers we work with are the best in the business. They are critical to our supply chain running success\xe2\x80\xa6 https://t.co/lJL1EGOLt4'
1438156903238995970,Kellogg Company,2021-09-15 15:05:00+00:00,"b'RT @NoKidHungryCA: We are thrilled to see our Associate Director, Daisy Munguia-Pinon bringing attention to how the work of feeding kids is\xe2\x80\xa6'"
1437763072656039937,Kellogg Company,2021-09-14 13:00:03+00:00,b'Today\xe2\x80\x99s the day! Tune in at 10 am EST for a virtual panel discussion w/ @WorldFoodProgramme where we\xe2\x80\x99ll chat about\xe2\x80\xa6 https://t.co/5kxZHdu5cc'
1437753356987031557,Kellogg Company,2021-09-14 12:21:27+00:00,b'RT @Lead_eu_net: #ValueforMen:Interviews to explore the journey toward #genderequality &amp; #parity at the #workplace &amp; develop #male represen\xe2\x80\xa6'
1437411979002531846,Kellogg Company,2021-09-13 13:44:56+00:00,b'Truck drivers \xe2\x80\x93 Thank you for helping Kellogg feed America! #NTDAW21 #ThankATrucker https://t.co/NFfnHT86Tp'
1437053394309484544,Kellogg Company,2021-09-12 14:00:03+00:00,b'Have you registered yet for the virtual panel discussion w/ @WorldFoodProgramme on Sept 14 at 10 am EST? We\xe2\x80\x99ll chat\xe2\x80\xa6 https://t.co/1FZ8vgsW0b'
1436448554973868034,Kellogg Company,2021-09-10 21:56:38+00:00,b'It\xe2\x80\x99s essential that we all do our part to ensure that every kid gets the healthy meals they need. Learn how you can\xe2\x80\xa6 https://t.co/9B3gvP0CH6'
1436362591572480003,Kellogg Company,2021-09-10 16:15:02+00:00,"b'RT @WFPUSA_CEO: Around the \xf0\x9f\x8c\x8d, school meals are fueling our next generation.\n\nPlease join me &amp; my colleagues from @WFP &amp; @WFPUSA as well as\xe2\x80\xa6'"
1436313521776701472,Kellogg Company,2021-09-10 13:00:03+00:00,b'How much do you know about the impact school breakfast programs can have on children?  Attend our virtual panel dis\xe2\x80\xa6 https://t.co/KnomGbZ6th'
1436040888560521220,Kellogg Company,2021-09-09 18:56:42+00:00,b'#BetterDays in the SF Bay. Our thanks to @49ersCommunity and @FeedingAmerica for your partnership. https://t.co/j7W6BMiaFW'
1436040566073171972,Kellogg Company,2021-09-09 18:55:25+00:00,b'RT @49ersCommunity: The @49ers and @incogmeato are partnering to donate a maximum of 1 million plant-based Chik\xe2\x80\x99n Tenders to @FeedingAmeric\xe2\x80\xa6'
1436010788297269248,Kellogg Company,2021-09-09 16:57:06+00:00,b'Some companies like to do good. We like to do... https://t.co/V1TsZSUxvf'
1435977038880550919,Kellogg Company,2021-09-09 14:42:59+00:00,b'You\xe2\x80\x99re invited!  Join us + @WorldFoodProgramme on Sept. 14 at 10 am EST for a 1-hour discussion on \xe2\x80\x9cInvesting in th\xe2\x80\xa6 https://t.co/meee01JPgN'
1435733540470239233,Kellogg Company,2021-09-08 22:35:25+00:00,b'So proud to support this amazing work. #BetterDays \xe2\x9d\xa4\xef\xb8\x8f\xf0\x9f\x8c\x8d\xf0\x9f\xa5\xa3\xf0\x9f\x92\xaa\xf0\x9f\x8f\xbd https://t.co/90NYKy2s3K'
1435689182949748742,Kellogg Company,2021-09-08 19:39:09+00:00,"b'More kids are living with hunger today, but you can help them get the food they need. Help us #RebuildWith\xe2\x80\xa6 https://t.co/PkIUkQlX9R'"
1435681406756265985,Kellogg Company,2021-09-08 19:08:15+00:00,"b'Today, 1 in 6 kids could face hunger because of the coronavirus. #Rebuildwith #BetterDays https://t.co/901SEXEL7G'"
1435680787718971394,Kellogg Company,2021-09-08 19:05:48+00:00,b'We can help rebuild a better future for kids. @NoKidHungry worked with artist @stevemartinezart in LA to create a m\xe2\x80\xa6 https://t.co/IJSdCwGsOB'
1435675638816550912,Kellogg Company,2021-09-08 18:45:20+00:00,b'As the coronavirus crisis continues we have to rethink how we feed children and reinvest in American families. Find\xe2\x80\xa6 https://t.co/0eFUcgqHml'
1435666259908218881,Kellogg Company,2021-09-08 18:08:04+00:00,b'Kellogg Company leaders spoke at today\xe2\x80\x99s @BarclaysIB Global Consumer Staples Conference to share why the company is\xe2\x80\xa6 https://t.co/qzOK4hydTJ'
1435652050042466312,Kellogg Company,2021-09-08 17:11:36+00:00,b'$K @BarclaysIB #BarcConsumer https://t.co/nwPqLEWf2w'
1435651715596947460,Kellogg Company,2021-09-08 17:10:16+00:00,b'$K @BarclaysIB #BarcConsumer https://t.co/efCJveTirM'
1435649839140855810,Kellogg Company,2021-09-08 17:02:49+00:00,b'$K @BarclaysIB #BarcConsumer https://t.co/BUBPyNf6FB'
1435648755794075651,Kellogg Company,2021-09-08 16:58:31+00:00,b'$K @BarclaysIB #BarcConsumer https://t.co/xtCNeIylyI'
1435647031901630475,Kellogg Company,2021-09-08 16:51:40+00:00,b'$K @BarclaysIB #BarcConsumer https://t.co/5hsFvHpd2l'
1435646161327640577,Kellogg Company,2021-09-08 16:48:12+00:00,b'$K @BarclaysIB # BarcConsumer https://t.co/ioKmUVnEH1'
1435645738227224580,Kellogg Company,2021-09-08 16:46:31+00:00,b'@BarclaysIB #BarcConsumer $k https://t.co/G8XhPxqMVt'
